epoch,train_loss,val_loss
1,0.5998921394348145,1.2066093683242798
2,0.582576334476471,1.1610618829727173
3,0.5604778528213501,1.0868749618530273
4,0.5243414640426636,0.9824259281158447
5,0.47281548380851746,0.8635709285736084
